Sales_person_ID,Sales_person
SP_1,Raleigh Walker
SP_2,Olympia Young
SP_3,Augusta Walker
SP_4,Boise Turner
SP_5,Phoenix Turner
SP_6,Trenton Wilson
SP_7,Olympia Harris
SP_8,Augusta Robinson
SP_9,Sacramento Wilson
SP_10,Charleston Turner
SP_11,Atlanta Wilson
SP_12,Boise Robinson
SP_13,Sacramento Turner
SP_14,Raleigh Robinson
SP_15,Atlanta Turner
SP_16,Springfield Clark
SP_17,Augusta Wilson
SP_18,Springfield Walker
SP_19,Portland Davis
SP_20,Jackson Turner
SP_21,Providence Walker
SP_22,Charleston Harris
SP_23,Boise Wilson
SP_24,Jackson Moore
SP_25,Albany Turner
SP_26,Sacramento Walker
SP_27,Raleigh King
SP_28,Charleston Davis
SP_29,Augusta Turner
SP_30,Providence Turner
SP_31,Sacramento Harris
SP_32,Salem Davis
SP_33,Augusta Young
SP_34,Phoenix Wilson
SP_35,Trenton Martinez
SP_36,Providence Robinson
SP_37,Providence King
SP_38,Salem Turner
SP_39,Sacramento Davis
SP_40,Raleigh Moore
SP_41,Salem Wilson
SP_42,Atlanta Robinson
SP_43,Salem Young
SP_44,Olympia Walker
SP_45,Springfield Harris
SP_46,Springfield Turner
SP_47,Jackson Wilson
SP_48,Albany Walker
SP_49,Helena Harris
SP_50,Providence Wilson
SP_51,Boise Garcia
SP_52,Trenton Clark
SP_53,Charleston Walker
SP_54,Salem Martinez
SP_55,Trenton White
SP_56,Madison Turner
SP_57,Phoenix Taylor
SP_58,Cheyenne Davis
SP_59,Boise White
SP_60,Charlotte Harris
SP_61,Raleigh Davis
SP_62,Helena Turner
SP_63,Albany Clark
SP_64,Montgomery Moore
SP_65,Trenton Walker
SP_66,Portland Turner
SP_67,Providence Clark
SP_68,Albany Wilson
SP_69,Phoenix Walker
SP_70,Columbus Young
SP_71,Memphis Davis
SP_72,Raleigh Harris
SP_73,Olympia Turner
SP_74,Savannah Moore
SP_75,Denver Martinez
SP_76,Portland Taylor
SP_77,Augusta White
SP_78,Jackson Harris
SP_79,Cheyenne Robinson
SP_80,Trenton King
SP_81,Raleigh Turner
SP_82,Nashville Davis
SP_83,Virginia Clark
SP_84,Madison Taylor
SP_85,Charlotte Young
SP_86,Lincoln Williams
SP_87,Phoenix Garcia
SP_88,Columbus Harris
SP_89,Trenton Turner
SP_90,Austin Green
SP_91,Lincoln Young
SP_92,Albany Baker
SP_93,Virginia Turner
SP_94,Miami King
SP_95,Dallas Walker
SP_96,Raleigh Clark
SP_97,Cheyenne Martinez
SP_98,Dakota Robinson
SP_99,Seattle Harris
SP_100,Dakota White
SP_101,Orlando Thomas
SP_102,Scarlett Moore
SP_103,Houston Taylor
SP_104,Atlanta Martinez
SP_105,Phoenix Anderson
SP_106,Charlotte Wilson
SP_107,Denver Miller
SP_108,Savannah Davis
SP_109,Austin Brown
SP_110,Brooklyn Williams
SP_111,Madison Johnson
SP_112,Skylar Singleton
SP_113,Aiden Singleton
SP_114,Scarlett Brighton
SP_115,Amelia Harrington
SP_116,Oliver Singleton
SP_117,Zoey Singleton
SP_118,Aiden Harrington
SP_119,Chloe Singleton
SP_120,Mason Harrington
SP_121,Olivia Singleton
SP_122,Skylar Harrington
SP_123,Nova Brighton
SP_124,Amelia Singleton
SP_125,Willow Harrington
SP_126,Ava Singleton
SP_127,Logan Ashcroft
SP_128,Emily Singleton
SP_129,Mia Singleton
SP_130,Luna Brighton
SP_131,Penelope Harrington
SP_132,Ezra Brighton
SP_133,Grace Singleton
SP_134,Liam Ashcroft
SP_135,Ruby Singleton
SP_136,Oliver Harrington
SP_137,Layla Harrington
SP_138,Noah Brighton
SP_139,Everly Singleton
SP_140,Aiden Ashcroft
SP_141,Logan Brighton
SP_142,Layla Singleton
SP_143,Willow Brighton
SP_144,Liam Singleton
SP_145,Amelia Brighton
SP_146,Wyatt Harrington
SP_147,Scarlett Singleton
SP_148,Caleb Brighton
SP_149,Nova Singleton
SP_150,Mia Livingston
SP_151,Landon Ashcroft
SP_152,Aria Brighton
SP_153,Everly Harrington
SP_154,Jaxon Brighton
SP_155,Skylar Livingston
SP_156,Layla Ashcroft
SP_157,Nova Harrington
SP_158,Ruby Brighton
SP_159,Zoey Harrington
SP_160,Oliver Kingsley
SP_161,Addison Brighton
SP_162,Logan Livingston
SP_163,Grace Ashcroft
SP_164,Scarlett Harrington
SP_165,Noah Kingsley
SP_166,Aurora Brighton
SP_167,Willow Livingston
SP_168,Violet Harrington
SP_169,Levi Ashcroft
SP_170,Chloe Brighton
SP_171,Lincoln Harrington
SP_172,Stella Singleton
SP_173,Harper Harrington
SP_174,Everly Brighton
SP_175,Noah Livingston
SP_176,Luna Singleton
SP_177,Isla Atkinson
SP_178,Mason Brighton
SP_179,Aria Harrington
SP_180,Lily Ashcroft
SP_181,Oliver Pruitt
SP_182,Penelope Livingston
SP_183,Owen Brighton
SP_184,Addison Langley
SP_185,Wyatt Singleton
SP_186,Ruby Harrington
SP_187,Lincoln Livingston
SP_188,Stella Harrington
SP_189,Henry Ashcroft
SP_190,Nova Pruitt
SP_191,Grayson Kingsley
SP_192,Elijah Singleton
SP_193,Grace Brighton
SP_194,Hudson Harrington
SP_195,Aria Atkinson
SP_196,Aurora Pruitt
SP_197,Logan Harrington
SP_198,Layla Livingston
SP_199,Carter Kingsley
SP_200,Skylar Brighton
SP_201,Leo Ashcroft
SP_202,Aria Singleton
SP_203,Zoe Harrington
SP_204,Jackson Harrington
SP_205,Chloe Livingston
SP_206,Mason Atkinson
SP_207,Willow Singleton
SP_208,Liam Pruitt
SP_209,Violet Donovan
SP_210,Lily Atkinson
SP_211,Grayson Harrington
SP_212,Emily Langley
SP_213,Caleb Harrington
SP_214,Jackson Langley
SP_215,Luna Harrington
SP_216,Owen Fairchild
SP_217,Harper Atkinson
SP_218,Oliver Ashcroft
SP_219,Stella Pruitt
SP_220,Leo Singleton
SP_221,Olivia Brighton
SP_222,Wyatt Kingsley
SP_223,Nova Livingston
SP_224,Logan Singleton
SP_225,Harper Carrington
SP_226,Elijah Atkinson
SP_227,Scarlett Donovan
SP_228,Liam Atkinson
SP_229,Piper Langley
SP_230,Oliver Carmichael
SP_231,Harper Brighton
SP_232,Owen Kingsley
SP_233,Ava Harrington
SP_234,Wyatt Fairchild
SP_235,Penelope Ashcroft
SP_236,Landon Ellington
SP_237,Aurora Singleton
SP_238,Ezra Ashford
SP_239,Grace Atkinson
SP_240,Logan Kensington
SP_241,Stella Donovan
SP_242,Grayson Langley
SP_243,Aurora Ellington
SP_244,Lucas Donovan
SP_245,Scarlett Pruitt
SP_246,Lincoln Ashcroft
SP_247,Addison Carrington
SP_248,Jackson Fairchild
SP_249,Ella Brighton
SP_250,Carter Ellington
SP_251,Olivia Langley
SP_252,Mason Singleton
SP_253,Zoey Brighton
SP_254,Levi Whitman
SP_255,Violet Brighton
SP_256,Hudson Atkinson
SP_257,Mia Harrington
SP_258,Elijah Livingston
SP_259,Luna Carmichael
SP_260,Leo Harrington
SP_261,Harper Singleton
SP_262,Aiden Brighton
SP_263,Paisley Langley
SP_264,Wyatt Kensington
SP_265,Emily Atkinson
SP_266,Sebastian Harrington
SP_267,Zoe Mercer
SP_268,Henry Ashford
SP_269,Layla Brighton
SP_270,Noah Carrington
SP_271,Sophia Ellington
SP_272,Carter Livingston
SP_273,Sophia Stanton
SP_274,Caleb Donovan
SP_275,Isabella Carrington
SP_276,Aiden Sinclair
SP_277,Lily Brighton
SP_278,Caleb Kingsley
SP_279,Amelia Fairchild
SP_280,Jackson Lancaster
SP_281,Scarlett Kensington
SP_282,Grayson Ellington
SP_283,Chloe Whitman
SP_284,Elijah Carmichael
SP_285,Mia Thornton
SP_286,Owen Whitman
SP_287,Ruby Kensington
SP_288,Logan Ellington
SP_289,Stella Brighton
SP_290,Lucas Harrington
SP_291,Willow Atkinson
SP_292,Mason Sinclair
SP_293,Everly Langley
SP_294,Oliver Fairchild
SP_295,Harper Ashcroft
SP_296,Liam Kensington
SP_297,Ava Hendrix
SP_298,Ezra Donovan
SP_299,Zoey Pruitt
SP_300,Declan Holloway
SP_301,Aurora Lockhart
SP_302,Maxwell Shepherd
SP_303,Skylar Burgess
SP_304,Nolan Mercer
SP_305,Aria Stanton
SP_306,Ryder Livingston
SP_307,Grace Hammond
SP_308,Kai Singleton
SP_309,Penelope Donovan
SP_310,Jaxon Crawford
SP_311,Isla Foster
SP_312,Leo Thornton
SP_313,Harper Mitchell
SP_314,Mitchell Shui
SP_315,Schwartz Damala
SP_316,Stewart Rick
SP_317,Pelletier Stuart
SP_318,Nockton Beth
SP_319,Dawkins Helen
SP_320,Brown Adrian
SP_321,Hansen Katherine
SP_322,Etezadi Yana
SP_323,Cousins Paul
SP_324,Sissman Julie
SP_325,Chance Michael
SP_326,Webber Sam
SP_327,Moore Ann
SP_328,Tom Harry
SP_329,Kotsonis Kean
SP_330,Wilson Larry
SP_331,Van Natalie
SP_332,Thompson Beth
SP_333,Abelman Aaron
SP_334,Barton Chad
SP_335,Murray Jamie
SP_336,Sorensen Jim
SP_337,Prost Michael
SP_338,Kriz Alejandro
SP_339,Granlund Lisa
SP_340,Zeldin Frank
SP_341,Blume Cathy
SP_342,Marie George
SP_343,Takahito Evan
SP_344,Blacks Liz
SP_345,DeCherney Matt
SP_346,Paige Laurel
SP_347,Smayling Henry
SP_348,McGuire Chuck
SP_349,Frazer Tracy
SP_350,Radford Quincy
SP_351,Nguyen Erica
SP_352,Ballentine Justin
SP_353,DeCherney Todd
SP_354,Gastineau Gene
SP_355,Prescott Bryan
SP_356,Zrebassa Dan
SP_357,Bailliet Phillip
SP_358,Preis Chris
SP_359,Collins Suzanne
SP_360,Workman Jocasta
SP_361,Goldwyn Mick
SP_362,Sachs Nora
SP_363,Collins Eva
SP_364,Jones Greg
SP_365,Bern Brooke
SP_366,Hirsh Kean
SP_367,Boyes Ben
SP_368,McClure Stefania
SP_369,Davis Steven
SP_370,Campbell Larry
SP_371,Flathmann Bradley
SP_372,Cortes Harold
SP_373,McNair Cathy
SP_374,Rupert Alyssa
SP_375,Hernandez Paul
SP_376,Preis Anne
SP_377,Jacobs Larry
SP_378,Matthias Alex
SP_379,Gillingham Nat
SP_380,Thornton Frank
SP_381,Ferrer Christine
SP_382,Perrino Dionis
SP_383,Ward Neoma
SP_384,Hughes Paul
SP_385,Talbott Penelope
SP_386,Ryan Brad
SP_387,Armstrong Craig
SP_388,Tate Bill
SP_389,MacIntyre Don
SP_390,Pryor Chad
SP_391,Tron Maurice
SP_392,Avila Frank
SP_393,Carroll Erica
SP_394,Hawley Skye
SP_395,Sundaresam Charles
SP_396,Lloyd Brian
SP_397,Murray Theresa
SP_398,Van Matthew
SP_399,Sewall Nicole
SP_400,Thomas Deirdre
SP_401,Yedwab Noel
SP_402,Tyler Mary
SP_403,Weiss Robert
SP_404,Cunningham Jennifer
SP_405,Satty Jennifer
SP_406,Olsen Allen
SP_407,Hernandez Deanra
SP_408,Norling Hallie
SP_409,McCrossin Kalyca
SP_410,DeCherney John
SP_411,Swint Vivek
SP_412,Grinstein Meg
SP_413,Fjeld Ryan
SP_414,Greer Rob
SP_415,Staavos Mitch
SP_416,O'Rourke Sara
SP_417,Dilbeck Toby
SP_418,Halladay Ann
SP_419,Jackson Tracy
SP_420,Goldenen Robert
SP_421,Eno Bryan
SP_422,Redmond Thomas
SP_423,Meade Lindsay
SP_424,Stevenson Daniel
SP_425,Gonzalez Joseph
SP_426,Tillman Scott
SP_427,Akin Greg
SP_428,Dowd Katherine
SP_429,Willingham Karen
SP_430,Luxemburg Rachel
SP_431,Swindell Catherine
SP_432,Steele Ralph
SP_433,Zic Joel
SP_434,Waldorf Jessica
SP_435,Spruell Adam
SP_436,Brumley Sanjit
SP_437,Williams Rob
SP_438,Lacy Sample
SP_439,Airdo Bill
SP_440,Williamson Justin
SP_441,Hansen George
SP_442,Hughes Maribeth
SP_443,Carlisle Hunter
SP_444,Payne Pamela
SP_445,Glotzbach Ed
SP_446,Kennedy Jill
SP_447,Jenkins Lauren
SP_448,Myrick Peter
SP_449,Hart Anthony
SP_450,Engle Sally
SP_451,Williams Paul
SP_452,Company Guy
SP_453,Eplett Linda
SP_454,Bell Chuck
SP_455,Schnelling Sanjit
SP_456,Lopez Berenike
SP_457,Coakley Dave
SP_458,Ludwig Cyma
SP_459,Stevenson Guy
SP_460,Leatherbury Art
SP_461,McVee Eudokia
SP_462,Garverick Brian
SP_463,Matthias James
SP_464,Knutson Patrick
SP_465,Phonely Toby
SP_466,Southworth Bart
SP_467,Jacobs Pauline
SP_468,Magee Gary
SP_469,Jacobs Mike
SP_470,Kampe Helen
SP_471,Poirier Carlos
SP_472,Kinney Rick
SP_473,Armstrong Erica
SP_474,Foster Joe
SP_475,Martin Liz
SP_476,Moss Bryan
